<?xml version="1.0" encoding="UTF-8"?>
<project name="module_zadanie2" default="compile.module.zadanie2">
  <dirname property="module.zadanie2.basedir" file="${ant.file.module_zadanie2}"/>
  
  <property name="module.jdk.home.zadanie2" value="${project.jdk.home}"/>
  <property name="module.jdk.bin.zadanie2" value="${project.jdk.bin}"/>
  <property name="module.jdk.classpath.zadanie2" value="${project.jdk.classpath}"/>
  
  <property name="compiler.args.zadanie2" value="-encoding UTF-8 -source 8 -target 8 ${compiler.args}"/>
  
  <property name="zadanie2.output.dir" value="${module.zadanie2.basedir}/out/production/Zadanie2"/>
  <property name="zadanie2.testoutput.dir" value="${module.zadanie2.basedir}/out/test/Zadanie2"/>
  
  <path id="zadanie2.module.bootclasspath">
    <!-- Paths to be included in compilation bootclasspath -->
  </path>
  
  <path id="zadanie2.module.production.classpath">
    <path refid="${module.jdk.classpath.zadanie2}"/>
  </path>
  
  <path id="zadanie2.runtime.production.module.classpath">
    <pathelement location="${zadanie2.output.dir}"/>
  </path>
  
  <path id="zadanie2.module.classpath">
    <path refid="${module.jdk.classpath.zadanie2}"/>
    <pathelement location="${zadanie2.output.dir}"/>
  </path>
  
  <path id="zadanie2.runtime.module.classpath">
    <pathelement location="${zadanie2.testoutput.dir}"/>
    <pathelement location="${zadanie2.output.dir}"/>
  </path>
  
  
  <patternset id="excluded.from.module.zadanie2">
    <patternset refid="ignored.files"/>
  </patternset>
  
  <patternset id="excluded.from.compilation.zadanie2">
    <patternset refid="excluded.from.module.zadanie2"/>
  </patternset>
  
  <path id="zadanie2.module.sourcepath">
    <dirset dir="${module.zadanie2.basedir}">
      <include name="src"/>
    </dirset>
  </path>
  
  
  <target name="compile.module.zadanie2" depends="compile.module.zadanie2.production,compile.module.zadanie2.tests" description="Compile module Zadanie2"/>
  
  <target name="compile.module.zadanie2.production" depends="register.custom.compilers" description="Compile module Zadanie2; production classes">
    <mkdir dir="${zadanie2.output.dir}"/>
    <javac2 destdir="${zadanie2.output.dir}" debug="${compiler.debug}" nowarn="${compiler.generate.no.warnings}" memorymaximumsize="${compiler.max.memory}" fork="true" executable="${module.jdk.bin.zadanie2}/javac">
      <compilerarg line="${compiler.args.zadanie2}"/>
      <bootclasspath refid="zadanie2.module.bootclasspath"/>
      <classpath refid="zadanie2.module.production.classpath"/>
      <src refid="zadanie2.module.sourcepath"/>
      <patternset refid="excluded.from.compilation.zadanie2"/>
    </javac2>
    
    <copy todir="${zadanie2.output.dir}">
      <fileset dir="${module.zadanie2.basedir}/src">
        <patternset refid="compiler.resources"/>
        <type type="file"/>
      </fileset>
    </copy>
  </target>
  
  <target name="compile.module.zadanie2.tests" depends="register.custom.compilers,compile.module.zadanie2.production" description="compile module Zadanie2; test classes" unless="skip.tests"/>
  
  <target name="clean.module.zadanie2" description="cleanup module">
    <delete dir="${zadanie2.output.dir}"/>
    <delete dir="${zadanie2.testoutput.dir}"/>
  </target>
</project>